role_cluster,example_titles,fit_reason,matching_evidence,key_gaps,company_types,avoid_roles,thirty_day_actions,priority
AI运营,AI产品运营 / AIGC内容运营 / AI工具运营,有内容运营基础+AI工具实操经验,做过AI标注系统、AI文案工具号,投放经验不足 / 互联网数据背景弱,AI创业公司 / 大厂外包 / SaaS公司,纯销售岗 / 纯客服岗,完成1个小红书账号从0到1 / 学完投放基础课,高
FDE/解决方案,前端部署工程师 / AI解决方案 / 客户成功,有B端客户对接经验+AI部署经历,参与过企业AI助手部署 / 写过skill,编程能力不足 / 方案表达弱,AI工具公司 / 大模型厂商,纯技术支持 / 纯运维,完成3个行业解决方案skill / 练结构化表达,中
产品运营（非AI）,用户运营 / 内容运营 / 活动运营,有B端运营和协调经验,化工行业客户对接 / 跨部门协调,互联网行业经验 / 数据能力,互联网公司 / 传统企业数字化,纯行政岗 / 纯打杂岗,完成1个完整活动策划案 / 补数据分析,低
,
,
,
,
,
,
,
,
使用说明：
1. 每行一个岗位方向（role_cluster），优先级从高到低排
2. matching_evidence 填你已有的真实经历/作品（别编）
3. key_gaps 填这个方向还差什么，对应到转行规划里的学习路线
4. thirty_day_actions 填30天内能拿出手的补缺口动作（要具体，别写"学运营"这种空话）
5. 每个月回顾一次，根据面试反馈调整方向和优先级
